Date, Value
2010-03-08,81.8500
2010-03-09,81.5000
2010-03-10,82.0700
2010-03-11,82.1000
2010-03-12,81.2600
2010-03-15,79.7900
2010-03-16,81.7500
2010-03-17,82.9300
2010-03-18,82.1600
2010-03-19,80.5800
2010-03-22,81.2600
2010-03-23,81.6800
2010-03-24,80.2900
2010-03-25,80.2500
2010-03-26,79.7500
2010-03-29,81.9200
2010-03-30,82.1400
2010-03-31,83.4500
2010-04-01,84.5300
2010-04-05,86.3600
2010-04-06,86.5400
2010-04-07,85.6400
2010-04-08,85.1700
2010-04-09,84.6000
2010-04-12,84.0700
2010-04-13,83.8000
2010-04-14,85.6200
2010-04-15,85.2500
2010-04-16,82.9700
2010-04-19,81.5200
2010-04-20,82.9800
2010-04-21,82.7800
2010-04-22,82.8900
2010-04-23,84.3400
2010-04-26,84.2000
2010-04-27,82.4300
2010-04-28,83.2200
2010-04-29,85.1700
2010-04-30,86.0700
2010-05-03,86.1900
2010-05-04,82.7300
2010-05-05,80.0000
2010-05-06,77.1800
2010-05-07,75.1000
2010-05-10,76.8900
2010-05-11,76.3700
2010-05-12,75.6500
2010-05-13,74.3800
2010-05-14,71.6100
2010-05-17,70.0800
2010-05-18,69.3800
2010-05-19,69.9100
2010-05-20,68.2800
2010-05-21,68.0300
2010-05-24,68.2300
2010-05-25,64.7800
2010-05-26,71.5200
2010-05-27,74.5600
2010-05-28,74.0000
2010-06-01,72.7000
2010-06-02,72.8800
2010-06-03,74.6200
2010-06-04,71.4300
2010-06-07,71.5500
2010-06-08,71.8800
2010-06-09,74.3800
2010-06-10,75.4800
2010-06-11,73.8900
2010-06-14,74.9900
2010-06-15,76.8400
2010-06-16,77.6700
2010-06-17,76.8200
2010-06-18,77.1800
2010-06-21,77.8400
2010-06-22,77.1500
2010-06-23,75.9000
2010-06-24,75.9600
2010-06-25,78.4500
2010-06-28,78.2600
2010-06-29,75.9300
2010-06-30,75.5900
2010-07-01,72.9500
2010-07-02,72.0600
2010-07-06,71.9600
2010-07-07,74.0500
2010-07-08,75.4600
2010-07-09,76.0800
2010-07-12,74.9300
2010-07-13,77.1600
2010-07-14,77.0200
2010-07-15,76.6700
2010-07-16,75.9600
2010-07-19,76.5300
2010-07-20,77.3200
2010-07-21,76.2700
2010-07-22,79.0100
2010-07-23,78.6800
2010-07-26,78.9300
2010-07-27,77.4600
2010-07-28,77.0600
2010-07-29,78.3000
2010-07-30,78.8500
2010-08-02,81.2500
2010-08-03,82.5200
2010-08-04,82.4900
2010-08-05,82.0000
2010-08-06,80.6700
2010-08-09,81.4600
2010-08-10,80.2400
2010-08-11,78.0900
2010-08-12,75.6800
2010-08-13,75.3900
2010-08-16,75.1700
2010-08-17,75.7600
2010-08-18,75.3900
2010-08-19,74.4500
2010-08-20,73.4500
2010-08-23,72.7100
2010-08-24,71.2400
2010-08-25,72.0700
2010-08-26,73.3600
2010-08-27,75.1700
2010-08-30,74.6900
2010-08-31,71.9300
2010-09-01,73.9700
2010-09-02,74.9900
2010-09-03,74.5200
2010-09-07,73.9800
2010-09-08,74.6500
2010-09-09,74.2500
2010-09-10,76.4000
2010-09-13,77.1700
2010-09-14,76.7800
2010-09-15,75.9200
2010-09-16,74.5800
2010-09-17,73.6300
2010-09-20,74.8100
2010-09-21,72.9600
2010-09-22,72.9800
2010-09-23,73.4000
2010-09-24,74.6300
2010-09-27,76.5100
2010-09-28,76.1500
2010-09-29,77.8500
2010-09-30,79.9500
2010-10-01,81.5700
2010-10-04,81.4300
2010-10-05,82.8300
2010-10-06,83.2100
2010-10-07,81.3400
2010-10-08,82.6600
2010-10-11,82.1800
2010-10-12,81.6700
2010-10-13,83.0300
2010-10-14,82.7100
2010-10-15,81.2300
2010-10-18,83.0600
2010-10-19,79.5700
2010-10-20,81.9300
2010-10-21,80.0300
2010-10-22,81.1500
2010-10-25,82.0000
2010-10-26,82.6000
2010-10-27,81.9000
2010-10-28,82.2000
2010-10-29,81.4500
2010-11-01,82.9400
2010-11-02,83.9100
2010-11-03,84.4500
2010-11-04,86.4900
2010-11-05,86.8500
2010-11-08,87.0700
2010-11-09,87.0400
2010-11-10,87.7700
2010-11-11,87.7700
2010-11-12,84.8900
2010-11-15,84.8800
2010-11-16,82.3300
2010-11-17,80.4300
2010-11-18,81.8800
2010-11-19,81.6500
2010-11-22,81.2400
2010-11-23,80.7900
2010-11-24,83.2100
2010-11-26,83.8700
2010-11-29,85.7300
2010-11-30,84.1200
2010-12-01,86.7500
2010-12-02,87.9800
2010-12-03,89.1800
2010-12-06,89.3300
2010-12-07,88.6900
2010-12-08,88.3000
2010-12-09,88.3500
2010-12-10,87.8100
2010-12-13,88.6200
2010-12-14,88.3300
2010-12-15,88.6600
2010-12-16,87.7100
2010-12-17,88.0200
2010-12-20,88.6800
2010-12-21,89.3000
2010-12-22,89.8300
2010-12-23,90.8400
2010-12-27,90.9900
2010-12-28,91.4800
2010-12-29,91.1300
2010-12-30,89.8500
2010-12-31,91.3800
2011-01-03,91.5900
2011-01-04,89.3900
2011-01-05,90.3000
2011-01-06,88.3700
2011-01-07,88.0700
2011-01-10,89.2400
2011-01-11,91.1100
2011-01-12,91.8500
2011-01-13,91.3900
2011-01-14,91.5300
2011-01-18,91.3800
2011-01-19,90.8500
2011-01-20,88.5600
2011-01-21,88.2200
2011-01-24,86.7400
2011-01-25,85.0800
2011-01-26,86.1500
2011-01-27,84.4500
2011-01-28,88.1500
2011-01-31,90.9900
2011-02-01,89.5400
2011-02-02,89.7800
2011-02-03,89.4200
2011-02-04,87.8700
2011-02-07,86.3000
2011-02-08,85.8500
2011-02-09,85.5900
2011-02-10,85.4400
2011-02-11,84.3900
2011-02-14,83.6600
2011-02-15,83.1300
2011-02-16,83.8000
2011-02-17,85.0500
2011-02-18,85.0300
2011-02-22,92.6500
2011-02-23,96.0400
2011-02-24,95.8300
2011-02-25,96.5200
2011-02-28,97.1000
2011-03-01,99.6300
2011-03-02,102.2700
2011-03-03,101.9200
2011-03-04,104.3400
2011-03-07,105.3700
2011-03-08,105.0600
2011-03-09,104.3900
2011-03-10,102.7300
2011-03-11,101.1400
2011-03-14,101.2000
2011-03-15,97.2300
2011-03-16,97.9900
2011-03-17,101.4700
2011-03-18,101.0600
2011-03-21,102.3600
2011-03-22,104.5300
2011-03-23,105.2100
2011-03-24,105.0400
2011-03-25,104.8900
2011-03-28,103.5400
2011-03-29,104.3400
2011-03-30,103.8000
2011-03-31,106.1900
2011-04-01,107.5500
2011-04-04,108.1400
2011-04-05,107.8200
2011-04-06,108.3800
2011-04-07,109.8200
2011-04-08,112.2700
2011-04-11,109.5000
2011-04-12,105.7500
2011-04-13,106.6000
2011-04-14,107.7300
2011-04-15,109.1700
2011-04-18,106.7000
2011-04-19,107.1800
2011-04-20,110.8400
2011-04-21,111.7200
2011-04-25,111.6800
2011-04-26,111.7200
2011-04-27,112.3100
2011-04-28,112.3800
2011-04-29,113.3900
2011-05-02,113.0300
2011-05-03,110.6000
2011-05-04,108.7900
2011-05-05,99.8900
2011-05-06,96.8700
2011-05-09,100.3200
2011-05-10,103.3900
2011-05-11,97.8800
2011-05-12,98.5300
2011-05-13,99.2100
2011-05-16,96.9100
2011-05-17,96.4000
2011-05-18,99.5200
2011-05-19,97.9900
2011-05-20,99.1500
2011-05-23,97.0600
2011-05-24,99.1300
2011-05-25,100.7800
2011-05-26,100.1800
2011-05-27,100.5800
2011-05-31,102.7000
2011-06-01,100.3000
2011-06-02,100.4100
2011-06-03,100.2800
2011-06-06,99.0700
2011-06-07,99.1800
2011-06-08,100.7700
2011-06-09,101.9500
2011-06-10,99.3000
2011-06-13,97.2000
2011-06-14,99.3700
2011-06-15,94.8300
2011-06-16,94.9500
2011-06-17,93.0200
2011-06-20,93.2300
2011-06-21,93.7000
2011-06-22,94.9600
2011-06-23,90.7000
2011-06-24,90.8900
2011-06-27,90.6500
2011-06-28,92.9000
2011-06-29,94.8500
2011-06-30,95.3000
2011-07-01,94.8100
2011-07-05,96.9200
2011-07-06,96.6700
2011-07-07,98.7000
2011-07-08,96.2000
2011-07-11,95.1600
2011-07-12,97.4100
2011-07-13,98.0400
2011-07-14,95.7500
2011-07-15,97.2400
2011-07-18,95.9400
2011-07-19,97.4900
2011-07-20,98.1100
2011-07-21,98.9600
2011-07-22,99.5300
2011-07-25,98.9700
2011-07-26,99.6100
2011-07-27,97.4000
2011-07-28,97.4800
2011-07-29,95.6800
2011-08-01,94.9800
2011-08-02,93.7800
2011-08-03,91.8700
2011-08-04,86.7500
2011-08-05,86.8900
2011-08-08,81.2700
2011-08-09,79.3200
2011-08-10,83.0500
2011-08-11,85.4800
2011-08-12,85.1900
2011-08-15,87.8800
2011-08-16,86.6500
2011-08-17,87.5800
2011-08-18,82.3800
2011-08-19,82.3300
2011-08-22,84.4200
2011-08-23,85.3500
2011-08-24,84.9900
2011-08-25,85.1500
2011-08-26,85.3700
2011-08-29,87.2700
2011-08-30,88.9000
2011-08-31,88.8100
2011-09-01,88.9300
2011-09-02,86.4500
2011-09-06,85.9900
2011-09-07,89.3400
2011-09-08,89.0500
2011-09-09,87.2400
2011-09-12,88.1900
2011-09-13,90.2100
2011-09-14,88.9100
2011-09-15,89.4000
2011-09-16,87.9600
2011-09-19,85.7000
2011-09-20,86.9200
2011-09-21,85.7700
2011-09-22,80.2900
2011-09-23,79.5800
2011-09-26,79.9700
2011-09-27,84.1800
2011-09-28,80.9400
2011-09-29,81.8700
2011-09-30,78.9300
2011-10-03,77.3400
2011-10-04,75.4000
2011-10-05,79.4100
2011-10-06,82.3200
2011-10-07,82.7000
2011-10-10,85.1400
2011-10-11,85.5400
2011-10-12,85.3000
2011-10-13,83.9600
2011-10-14,86.8000
2011-10-17,86.3800
2011-10-18,88.3400
2011-10-19,86.1100
2011-10-20,86.0700
2011-10-21,87.1900
2011-10-24,91.1200
2011-10-25,92.9800
2011-10-26,90.2000
2011-10-27,93.9600
2011-10-28,93.3200
2011-10-31,93.1900
2011-11-01,92.1900
2011-11-02,92.5100
2011-11-03,94.0700
2011-11-04,94.2600
2011-11-07,95.5200
2011-11-08,96.8000
2011-11-09,95.7400
2011-11-10,97.7800
2011-11-11,98.9900
2011-11-14,98.1400
2011-11-15,99.3700
2011-11-16,102.5900
2011-11-17,98.8200
2011-11-18,97.6700
2011-11-21,96.7300
2011-11-22,97.7600
2011-11-23,96.1600
2011-11-25,96.9100
2011-11-28,98.2100
2011-11-29,99.7900
2011-11-30,100.3600
2011-12-01,100.2000
2011-12-02,100.9700
2011-12-05,100.9400
2011-12-06,101.2500
2011-12-07,100.4500
2011-12-08,98.3500
2011-12-09,99.4000
2011-12-12,97.7700
2011-12-13,100.2400
2011-12-14,94.9200
2011-12-15,93.8400
2011-12-16,93.5500
2011-12-19,93.8600
2011-12-20,97.1600
2011-12-21,98.5400
2011-12-22,99.4200
2011-12-23,99.7200
2011-12-27,101.2900
2011-12-28,99.4400
2011-12-29,99.6800
2011-12-30,98.8300
2012-01-03,102.9600
2012-01-04,103.2200
2012-01-05,101.8100
2012-01-06,101.5600
2012-01-09,101.3100
2012-01-10,102.2400
2012-01-11,100.8900
2012-01-12,99.0300
2012-01-13,98.6900
2012-01-17,100.7000
2012-01-18,100.6100
2012-01-19,100.3200
2012-01-20,98.1500
2012-01-23,99.4700
2012-01-24,98.8400
2012-01-25,99.2300
2012-01-26,99.7600
2012-01-27,99.4700
2012-01-30,98.7500
2012-01-31,98.4600
2012-02-01,97.6300
2012-02-02,96.3600
2012-02-03,97.8000
2012-02-06,96.8900
2012-02-07,98.5500
2012-02-08,98.8000
2012-02-09,99.8800
2012-02-10,98.6800
2012-02-13,100.3900
2012-02-14,100.8200
2012-02-15,101.8200
2012-02-16,102.3300
2012-02-17,103.2700
2012-02-21,105.8800
2012-02-22,105.9900
2012-02-23,107.4400
2012-02-24,109.3900
2012-02-27,108.4900
2012-02-28,106.5900
2012-02-29,107.0800
2012-03-01,108.7600
2012-03-02,106.6800
2012-03-05,106.7000
2012-03-06,104.7100
2012-03-07,106.1600
2012-03-08,106.6500
2012-03-09,107.4000
2012-03-12,106.3400
2012-03-13,106.7000
2012-03-14,105.4900
2012-03-15,105.1900
2012-03-16,107.0300
2012-03-19,108.0900
2012-03-20,105.6800
2012-03-21,106.8700
2012-03-22,104.9800
2012-03-23,106.4300
2012-03-26,107.0700
2012-03-27,107.3200
2012-03-28,105.4000
2012-03-29,102.7900
2012-03-30,103.0300
2012-04-02,105.2500
2012-04-03,104.0200
2012-04-04,101.5300
2012-04-05,103.2900
2012-04-09,102.4500
2012-04-10,101.1200
2012-04-11,102.6600
2012-04-12,103.6900
2012-04-13,102.8400
2012-04-16,102.9200
2012-04-17,104.2300
2012-04-18,102.6500
2012-04-19,102.3800
2012-04-20,103.5800
2012-04-23,102.6800
2012-04-24,103.1000
2012-04-25,103.7200
2012-04-26,104.5600
2012-04-27,104.8600
2012-04-30,104.8900
2012-05-01,106.1700
2012-05-02,105.2500
2012-05-03,102.5600
2012-05-04,98.4900
2012-05-07,97.8600
2012-05-08,97.1300
2012-05-09,96.8000
2012-05-10,97.1000
2012-05-11,96.0300
2012-05-14,94.7500
2012-05-15,93.9700
2012-05-16,92.7800
2012-05-17,92.5300
2012-05-18,91.5100
2012-05-21,92.5700
2012-05-22,91.4400
2012-05-23,89.4000
2012-05-24,90.3600
2012-05-25,90.6400
2012-05-29,90.7500
2012-05-30,87.7900
2012-05-31,86.5200
2012-06-01,83.1700
2012-06-04,83.9500
2012-06-05,84.3100
2012-06-06,85.0500
2012-06-07,84.7800
2012-06-08,84.0800
2012-06-11,82.5800
2012-06-12,83.3500
2012-06-13,82.5600
2012-06-14,83.8300
2012-06-15,84.0300
2012-06-18,83.2600
2012-06-19,83.9900
2012-06-20,81.0600
2012-06-21,77.9100
2012-06-22,79.3300
2012-06-25,78.7600
2012-06-26,79.3400
2012-06-27,80.2700
2012-06-28,77.7200
2012-06-29,85.0400
2012-07-02,83.7200
2012-07-03,87.7400
2012-07-05,87.1100
2012-07-06,84.3700
2012-07-09,85.9300
2012-07-10,83.9200
2012-07-11,85.8800
2012-07-12,86.0200
2012-07-13,87.1500
2012-07-16,88.4100
2012-07-17,89.0700
2012-07-18,89.8800
2012-07-19,92.7800
2012-07-20,91.5600
2012-07-23,87.7700
2012-07-24,88.2800
2012-07-25,88.8000
2012-07-26,89.4000
2012-07-27,90.1300
2012-07-30,89.8000
2012-07-31,88.0800
2012-08-01,88.9900
2012-08-02,87.2200
2012-08-03,91.4000
2012-08-06,92.3000
2012-08-07,93.6800
2012-08-08,93.3900
2012-08-09,93.3900
2012-08-10,92.9400
2012-08-13,92.7600
2012-08-14,93.4000
2012-08-15,94.3500
2012-08-16,95.6600
2012-08-17,96.0000
2012-08-20,96.0300
2012-08-21,96.5500
2012-08-22,96.8900
2012-08-23,95.8700
2012-08-24,95.7800
2012-08-27,95.5400
2012-08-28,96.3000
2012-08-29,95.5000
2012-08-30,94.6100
2012-08-31,96.4700
2012-09-04,95.3400
2012-09-05,95.3700
2012-09-06,95.5800
2012-09-07,96.4100
2012-09-10,96.5200
2012-09-11,97.0300
2012-09-12,97.0200
2012-09-13,98.3000
2012-09-14,98.9400
2012-09-17,96.5100
2012-09-18,95.2500
2012-09-19,91.9700
2012-09-20,92.1400
2012-09-21,92.6400
2012-09-24,91.6800
2012-09-25,91.0700
2012-09-26,89.9200
2012-09-27,91.8900
2012-09-28,92.1800
2012-10-01,92.4400
2012-10-02,91.8800
2012-10-03,88.1900
2012-10-04,91.6900
2012-10-05,89.8700
2012-10-08,89.4300
2012-10-09,92.4200
2012-10-10,91.2400
2012-10-11,92.1900
2012-10-12,91.8300
2012-10-15,91.8400
2012-10-16,92.0700
2012-10-17,92.0400
2012-10-18,92.0000
2012-10-19,90.0000
2012-10-22,88.3000
2012-10-23,86.6500
2012-10-24,85.3900
2012-10-25,85.5900
2012-10-26,85.8400
2012-10-29,85.5200
2012-10-30,85.6500
2012-10-31,86.2300
2012-11-01,87.0500
2012-11-02,84.9000
2012-11-05,85.6400
2012-11-06,88.6200
2012-11-07,84.5000
2012-11-08,85.0700
2012-11-09,86.0800
2012-11-12,85.5600
2012-11-13,85.3800
2012-11-14,86.3200
2012-11-15,85.4500
2012-11-16,86.6200
2012-11-19,89.0500
2012-11-20,86.4600
2012-11-21,87.0800
2012-11-23,87.0100
2012-11-26,87.2800
2012-11-27,86.8100
2012-11-28,86.1000
2012-11-29,87.6400
2012-11-30,88.5400
2012-12-03,88.6900
2012-12-04,88.0400
2012-12-05,87.3600
2012-12-06,85.4700
2012-12-07,85.4500
2012-12-10,85.1400
2012-12-11,85.3600
2012-12-12,86.3500
2012-12-13,85.3900
2012-12-14,86.3200
2012-12-17,86.7100
2012-12-18,87.4600
2012-12-19,89.0900
2012-12-20,89.7600
2012-12-21,88.2000
2012-12-24,88.2900
2012-12-26,90.7100
2012-12-27,90.9100
2012-12-28,90.6600
2012-12-31,91.8300
2013-01-02,93.1400
2013-01-03,92.9700
2013-01-04,93.1200
2013-01-07,93.2000
2013-01-08,93.2100
2013-01-09,93.0800
2013-01-10,93.8100
2013-01-11,93.6000
2013-01-14,94.2700
2013-01-15,93.2600
2013-01-16,94.2800
2013-01-17,95.4900
2013-01-18,95.6100
2013-01-22,96.0900
2013-01-23,95.0600
2013-01-24,95.3500
2013-01-25,95.1500
2013-01-28,95.9500
2013-01-29,97.6200
2013-01-30,97.9800
2013-01-31,97.6500
2013-02-01,97.4600
2013-02-04,96.2100
2013-02-05,96.6800
2013-02-06,96.4400
2013-02-07,95.8400
2013-02-08,95.7100
2013-02-11,97.0100
2013-02-12,97.4800
2013-02-13,97.0300
2013-02-14,97.3000
2013-02-15,95.9500
2013-02-19,96.6900
2013-02-20,94.9200
2013-02-21,92.7900
2013-02-22,93.1200
2013-02-25,92.7400
2013-02-26,92.6300
2013-02-27,92.8400
2013-02-28,92.0300
2013-03-01,90.7100
2013-03-04,90.1300
2013-03-05,90.8800
2013-03-06,90.4700
2013-03-07,91.5300
2013-03-08,92.0100
2013-03-11,92.0700
2013-03-12,92.4400
2013-03-13,92.4700
2013-03-14,93.0300
2013-03-15,93.4900
2013-03-18,93.7100
2013-03-19,92.4400
2013-03-20,93.2100
2013-03-21,92.4600
2013-03-22,93.4100
2013-03-25,94.5500
2013-03-26,95.9900
2013-03-27,96.5300
2013-03-28,97.2400
2013-04-01,97.1000
2013-04-02,97.2300
2013-04-03,95.0200
2013-04-04,93.2600
2013-04-05,92.7600
2013-04-08,93.3600
2013-04-09,94.1800
2013-04-10,94.5900
2013-04-11,93.4400
2013-04-12,91.2300
2013-04-15,88.7500
2013-04-16,88.7300
2013-04-17,86.6500
2013-04-18,87.8300
2013-04-19,88.0400
2013-04-22,88.8100
2013-04-23,89.2100
2013-04-24,91.0700
2013-04-25,93.2700
2013-04-26,92.6300
2013-04-29,94.0900
2013-04-30,93.2200
2013-05-01,90.7400
2013-05-02,93.7000
2013-05-03,95.2500
2013-05-06,95.8000
2013-05-07,95.2800
2013-05-08,96.2400
2013-05-09,96.0900
2013-05-10,95.8100
2013-05-13,94.7600
2013-05-14,93.9600
2013-05-15,93.9500
2013-05-16,94.8500
2013-05-17,95.7200
2013-05-20,96.2900
2013-05-21,95.5500
2013-05-22,93.9800
2013-05-23,94.1200
2013-05-24,93.8400
2013-05-28,94.6500
2013-05-29,93.1300
2013-05-30,93.5700
2013-05-31,91.9300
2013-06-03,93.4100
2013-06-04,93.3600
2013-06-05,93.6600
2013-06-06,94.7100
2013-06-07,96.1100
2013-06-10,95.8200
2013-06-11,95.5000
2013-06-12,95.9800
2013-06-13,96.6600
2013-06-14,97.8300
2013-06-17,97.8600
2013-06-18,98.4600
2013-06-19,98.2400
2013-06-20,94.8900
2013-06-21,93.8100
2013-06-24,95.0700
2013-06-25,95.2500
2013-06-26,95.4700
2013-06-27,97.0000
2013-06-28,96.3600
2013-07-01,97.9400
2013-07-02,99.6500
2013-07-03,101.9200
2013-07-05,103.0900
2013-07-08,103.0300
2013-07-09,103.4600
2013-07-10,106.4100
2013-07-11,104.7700
2013-07-12,105.8500
2013-07-15,106.2000
2013-07-16,105.8800
2013-07-17,106.3900
2013-07-18,107.9400
2013-07-19,108.0000
2013-07-22,106.6100
2013-07-23,107.1300
2013-07-24,105.4100
2013-07-25,105.4700
2013-07-26,104.7600
2013-07-29,104.6100
2013-07-30,103.1400
2013-07-31,105.1000
2013-08-01,107.9300
2013-08-02,106.9400
2013-08-05,106.6100
2013-08-06,105.3200
2013-08-07,104.4100
2013-08-08,103.4500
2013-08-09,106.0400
2013-08-12,106.1900
2013-08-13,106.7800
2013-08-14,106.8900
2013-08-15,107.4300
2013-08-16,107.5800
2013-08-19,107.1400
2013-08-20,104.9000
2013-08-21,103.9300
2013-08-22,104.9300
2013-08-23,106.4800
2013-08-26,105.8800
2013-08-27,109.1100
2013-08-28,110.1700
2013-08-29,108.5100
2013-08-30,107.9800
2013-09-03,108.6700
2013-09-04,107.2900
2013-09-05,108.5000
2013-09-06,110.6200
2013-09-09,109.6200
2013-09-10,107.4800
2013-09-11,107.6500
2013-09-12,108.7200
2013-09-13,108.3100
2013-09-16,106.5400
2013-09-17,105.3600
2013-09-18,108.2300
2013-09-19,106.2600
2013-09-20,104.7000
2013-09-23,103.6200
2013-09-24,103.2200
2013-09-25,102.6800
2013-09-26,103.1000
2013-09-27,102.8600
2013-09-30,102.3600
2013-10-01,102.0900
2013-10-02,104.1500
2013-10-03,103.2900
2013-10-04,103.8300
2013-10-07,103.0700
2013-10-08,103.5400
2013-10-09,101.6300
2013-10-10,103.0800
2013-10-11,102.1700
2013-10-14,102.4600
2013-10-15,101.1500
2013-10-16,102.3400
2013-10-17,100.7200
2013-10-18,100.8700
2013-10-21,99.2800
2013-10-22,97.6300
2013-10-23,96.9000
2013-10-24,96.6500
2013-10-25,97.4000
2013-10-28,98.7400
2013-10-29,98.2900
2013-10-30,96.8100
2013-10-31,96.2900
2013-11-01,94.5600
2013-11-04,94.5800
2013-11-05,93.4000
2013-11-06,94.7400
2013-11-07,94.2500
2013-11-08,94.5600
2013-11-11,95.1300
2013-11-12,93.1200
2013-11-13,93.9100
2013-11-14,93.7600
2013-11-15,93.8000
2013-11-18,93.0300
2013-11-19,93.3500
2013-11-20,93.3400
2013-11-21,95.3500
2013-11-22,94.5300
2013-11-25,93.8600
2013-11-26,93.4100
2013-11-27,92.0500
2013-11-29,92.5500
2013-12-02,93.6100
2013-12-03,95.8300
2013-12-04,96.9700
2013-12-05,97.1400
2013-12-06,97.4800
2013-12-09,97.1000
2013-12-10,98.3200
2013-12-11,97.2500
2013-12-12,97.2100
2013-12-13,96.2700
2013-12-16,97.1800
2013-12-17,96.9900
2013-12-18,97.5900
2013-12-19,98.4000
2013-12-20,99.1100
2013-12-23,98.6200
2013-12-24,98.8700
2013-12-26,99.1800
2013-12-27,99.9400
2013-12-30,98.9000
2013-12-31,98.1700
2014-01-02,95.1400
2014-01-03,93.6600
2014-01-06,93.1200
2014-01-07,93.3100
2014-01-08,91.9000
2014-01-09,91.3600
2014-01-10,92.3900
2014-01-13,91.4500
2014-01-14,92.1500
2014-01-15,93.7800
2014-01-16,93.5400
2014-01-17,93.9600
2014-01-21,94.5100
2014-01-22,96.3500
2014-01-23,97.2300
2014-01-24,96.6600
2014-01-27,95.8200
2014-01-28,97.4900
2014-01-29,97.3400
2014-01-30,98.2500
2014-01-31,97.5500
2014-02-03,96.4400
2014-02-04,97.2400
2014-02-05,97.4000
2014-02-06,97.8400
2014-02-07,99.9800
2014-02-10,100.1200
2014-02-11,99.9600
2014-02-12,100.3800
2014-02-13,100.2700
2014-02-14,100.3100
2014-02-18,102.5400
2014-02-19,103.4600
2014-02-20,103.2000
2014-02-21,102.5300
2014-02-24,103.1700
2014-02-25,102.2000
2014-02-26,102.9300
2014-02-27,102.6800
2014-02-28,102.8800
2014-03-03,105.3400
2014-03-04,103.6400
2014-03-05,101.7500
2014-03-06,101.8200
2014-03-07,102.8200
2014-03-10,101.3900
2014-03-11,100.2900
2014-03-12,98.2900
2014-03-13,98.5700
2014-03-14,99.2300
2014-03-17,98.4300
2014-03-18,100.0800
2014-03-19,100.7100
2014-03-20,99.6800
2014-03-21,99.9700
2014-03-24,100.0500
2014-03-25,99.6600
2014-03-26,100.6100
2014-03-27,101.2500
2014-03-28,101.7300
2014-03-31,101.5700
2014-04-01,99.6900
2014-04-02,99.6000
2014-04-03,100.2900
2014-04-04,101.1600
2014-04-07,100.4300
2014-04-08,102.5700
2014-04-09,103.5500
2014-04-10,103.3700
2014-04-11,103.6800
2014-04-14,104.0500
2014-04-15,103.7000
2014-04-16,103.7100
2014-04-17,104.3300
2014-04-21,104.3500
2014-04-22,101.6900
2014-04-23,101.4700
2014-04-24,102.2000
2014-04-25,100.8500
2014-04-28,101.1300
2014-04-29,101.5600
2014-04-30,100.0700
2014-05-01,99.6900
2014-05-02,100.0900
2014-05-05,99.7400
2014-05-06,99.8100
2014-05-07,101.0600
2014-05-08,100.5200
2014-05-09,100.3200
2014-05-12,100.8900
2014-05-13,102.0100
2014-05-14,102.6300
2014-05-15,101.7400
2014-05-16,102.3100
2014-05-19,102.9500
2014-05-20,102.8000
2014-05-21,104.3100
2014-05-22,104.0300
2014-05-23,105.0100
2014-05-27,104.7800
2014-05-28,103.3700
2014-05-29,104.2600
2014-05-30,103.4000
2014-06-02,103.0700
2014-06-03,103.3400
2014-06-04,103.2700
2014-06-05,103.1700
2014-06-06,103.3200
2014-06-09,105.0900
2014-06-10,105.0200
2014-06-11,105.0400
2014-06-12,107.2000
2014-06-13,107.4900
2014-06-16,107.5200
2014-06-17,106.9500
2014-06-18,106.6400
2014-06-19,107.0800
2014-06-20,107.9500
2014-06-23,106.8300
2014-06-24,106.6400
2014-06-25,107.0400
2014-06-26,106.4900
2014-06-27,106.4600
2014-06-30,106.0700
2014-07-01,106.0600
2014-07-02,105.1800
2014-07-03,104.7600
2014-07-07,104.1900
2014-07-08,104.0600
2014-07-09,102.9300
2014-07-10,103.6100
2014-07-11,101.4800
2014-07-14,101.7300
2014-07-15,100.5600
2014-07-16,101.8800
2014-07-17,103.8400
2014-07-18,103.8300
2014-07-21,105.3400
2014-07-22,104.5900
2014-07-23,103.8100
2014-07-24,102.7600
2014-07-25,105.2300
2014-07-28,105.6800
2014-07-29,104.9100
2014-07-30,104.2900
2014-07-31,98.2300
2014-08-01,97.8600
2014-08-04,98.2600
2014-08-05,97.3400
2014-08-06,96.9300
2014-08-07,97.3400
2014-08-08,97.6100
2014-08-11,98.0900
2014-08-12,97.3600
2014-08-13,97.5700
2014-08-14,95.5400
2014-08-15,97.3000
2014-08-18,96.4400
2014-08-19,94.3500
2014-08-20,96.4000
2014-08-21,93.9700
2014-08-22,93.6100
2014-08-25,95.3900
2014-08-26,95.7800
2014-08-27,95.8200
2014-08-28,96.4400
2014-08-29,97.8600
2014-09-02,92.9200
2014-09-03,95.5000
2014-09-04,94.5100
2014-09-05,93.3200
2014-09-08,92.6400
2014-09-09,92.7300
2014-09-10,91.7100
2014-09-11,92.8900
2014-09-12,92.1800
2014-09-15,92.8600
2014-09-16,94.9100
2014-09-17,94.3300
2014-09-18,93.0700
2014-09-19,92.4300
2014-09-22,91.4600
2014-09-23,91.5500
2014-09-24,93.6000
2014-09-25,93.5900
2014-09-26,95.5500
2014-09-29,94.5300
2014-09-30,91.1700
2014-10-01,90.7400
2014-10-02,91.0200
2014-10-03,89.7600
2014-10-06,90.3300
2014-10-07,88.8900
2014-10-08,87.2900
2014-10-09,85.7600
2014-10-10,85.8700
2014-10-13,85.7300
2014-10-14,81.7200
2014-10-15,81.8200
2014-10-16,82.3300
2014-10-17,82.8000
2014-10-20,82.7600
2014-10-21,83.2500
2014-10-22,80.5200
2014-10-23,82.8100
2014-10-24,81.2700
2014-10-27,81.2600
2014-10-28,81.3600
2014-10-29,82.2500
2014-10-30,81.0600
2014-10-31,80.5300
2014-11-03,78.7700
2014-11-04,77.1500
2014-11-05,78.7100
2014-11-06,77.8700
2014-11-07,78.7100
2014-11-10,77.4300
2014-11-11,77.8500
2014-11-12,77.1600
2014-11-13,74.1300
2014-11-14,75.9100
2014-11-17,75.6400
2014-11-18,74.5500
2014-11-19,74.5500
2014-11-20,75.6300
2014-11-21,76.5200
2014-11-24,75.7400
2014-11-25,74.0400
2014-11-26,73.7000
2014-11-28,65.9400
2014-12-01,68.9800
2014-12-02,66.9900
2014-12-03,67.3000
2014-12-04,66.7300
2014-12-05,65.8900
2014-12-08,63.1300
2014-12-09,63.7400
2014-12-10,60.9900
2014-12-11,60.0100
2014-12-12,57.8100
2014-12-15,55.9600
2014-12-16,55.9700
2014-12-17,56.4300
2014-12-18,54.1800
2014-12-19,56.9100
2014-12-22,55.2500
2014-12-23,56.7800
2014-12-24,55.7000
2014-12-26,54.5900
2014-12-29,53.4600
2014-12-30,54.1400
2014-12-31,53.4500
2015-01-02,52.7200
2015-01-05,50.0500
2015-01-06,47.9800
2015-01-07,48.6900
2015-01-08,48.8000
2015-01-09,48.3500
2015-01-12,46.0600
2015-01-13,45.9200
2015-01-14,48.4900
2015-01-15,46.3700
2015-01-16,48.4900
2015-01-20,46.7900
2015-01-21,47.8500
2015-01-22,45.9300
2015-01-23,45.2600
2015-01-26,44.8000
2015-01-27,45.8400
2015-01-28,44.0800
2015-01-29,44.1200
2015-01-30,47.7900
2015-02-02,49.2500
2015-02-03,53.0400
2015-02-04,48.4500
2015-02-05,50.4800
2015-02-06,51.6600
2015-02-09,52.9900
2015-02-10,50.0600
2015-02-11,48.8000
2015-02-12,51.1700
2015-02-13,52.6600
2015-02-17,53.5600
2015-02-18,52.1300
2015-02-19,51.1200
2015-02-20,49.9500
2015-02-23,49.5600
2015-02-24,48.4800
2015-02-25,50.2500
2015-02-26,47.6500
2015-02-27,49.8400
2015-03-02,49.5900
2015-03-03,50.4300
2015-03-04,51.5300
2015-03-05,50.7600
2015-03-06,49.6100
2015-03-09,49.9500
2015-03-10,48.4200
2015-03-11,48.0600
2015-03-12,47.1200
2015-03-13,44.8800
2015-03-16,43.9300
2015-03-17,43.3900
2015-03-18,44.6300
2015-03-19,44.0200
2015-03-20,46.0000
2015-03-23,47.4000
2015-03-24,47.0300
2015-03-25,48.7500
2015-03-26,51.4100
2015-03-27,48.8300
2015-03-30,48.6600
2015-03-31,47.7200
2015-04-01,50.1200
2015-04-02,49.1300
2015-04-06,52.0800
2015-04-07,53.9500
2015-04-08,50.4400
2015-04-09,50.7900
2015-04-10,51.6300
2015-04-13,51.9500
2015-04-14,53.3000
2015-04-15,56.2500
2015-04-16,56.6900
2015-04-17,55.7100
2015-04-20,56.3700
2015-04-21,55.5800
2015-04-22,56.1700
2015-04-23,56.5900
2015-04-24,55.9800
2015-04-27,55.5600
2015-04-28,57.0500
2015-04-29,58.5500
2015-04-30,59.6200
2015-05-01,59.1000
2015-05-04,58.9200
2015-05-05,60.3800
2015-05-06,60.9300
2015-05-07,58.9900
2015-05-08,59.4100
2015-05-11,59.2300
2015-05-12,60.7200
2015-05-13,60.5000
2015-05-14,59.8900
2015-05-15,59.7300
2015-05-18,59.4400
2015-05-19,57.3000
2015-05-20,58.9600
2015-05-21,60.1800
2015-05-22,58.8800
2015-05-26,57.2900
2015-05-27,57.5100
2015-05-28,57.6900
2015-05-29,60.2500
2015-06-01,60.2400
2015-06-02,61.3000
2015-06-03,59.6700
2015-06-04,58.0000
2015-06-05,59.1100
2015-06-08,58.1500
2015-06-09,60.1500
2015-06-10,61.3600
2015-06-11,60.7400
2015-06-12,59.9600
2015-06-15,59.5300
2015-06-16,60.0100
2015-06-17,59.8900
2015-06-18,60.4100
2015-06-19,59.6200
2015-06-22,60.0100
2015-06-23,61.0500
2015-06-24,60.0100
2015-06-25,59.5900
2015-06-26,59.4100
2015-06-29,58.3400
2015-06-30,59.4800
2015-07-01,56.9400
2015-07-02,56.9300
2015-07-06,52.4800
2015-07-07,52.3300
2015-07-08,51.6100
2015-07-09,52.7600
2015-07-10,52.7400
2015-07-13,52.1900
2015-07-14,53.0500
2015-07-15,51.4000
2015-07-16,50.9000
2015-07-17,50.8800
2015-07-20,50.1100
2015-07-21,50.5900
2015-07-22,49.2700
2015-07-23,48.1100
2015-07-24,47.9800
2015-07-27,47.1700
2015-07-28,47.9700
2015-07-29,48.7700
2015-07-30,48.5300
2015-07-31,47.1100
2015-08-03,45.2500
2015-08-04,45.7500
2015-08-05,45.1300
2015-08-06,44.6900
2015-08-07,43.8700
2015-08-10,44.9400
2015-08-11,43.1100
2015-08-12,43.2200
2015-08-13,42.2700
2015-08-14,42.4500
2015-08-17,41.9300
2015-08-18,42.5800
2015-08-19,40.7500
2015-08-20,41.0000
2015-08-21,40.4500
2015-08-24,38.2200
2015-08-25,39.1500
2015-08-26,38.5000
2015-08-27,42.4700
2015-08-28,45.2900
2015-08-31,49.2000
2015-09-01,45.3800
2015-09-02,46.3000
2015-09-03,46.7500
2015-09-04,46.0200
2015-09-08,45.9200
2015-09-09,44.1300
2015-09-10,45.8500
2015-09-11,44.7500
2015-09-14,44.0700
2015-09-15,44.5800
2015-09-16,47.1200
2015-09-17,46.9300
2015-09-18,44.7100
2015-09-21,46.6700
2015-09-22,46.1700
2015-09-23,44.5300
2015-09-24,44.9400
2015-09-25,45.5500
2015-09-28,44.4000
2015-09-29,45.2400
2015-09-30,45.0600
2015-10-01,44.7500
2015-10-02,45.5400
2015-10-05,46.2800
2015-10-06,48.5300
2015-10-07,47.8600
2015-10-08,49.4600
2015-10-09,49.6700
2015-10-12,47.0900
2015-10-13,46.7000
2015-10-14,46.6300
2015-10-15,46.3800
2015-10-16,47.3000
2015-10-19,45.9100
2015-10-20,45.8400
2015-10-21,45.2200
2015-10-22,44.9000
2015-10-23,43.9100
2015-10-26,43.1900
2015-10-27,43.2100
2015-10-28,45.9300
2015-10-29,46.0200
2015-10-30,46.6000
2015-11-02,46.1200
2015-11-03,47.8800
2015-11-04,46.3200
2015-11-05,45.2700
2015-11-06,44.3200
2015-11-09,43.8700
2015-11-10,44.2300
2015-11-11,42.9500
2015-11-12,41.7400
2015-11-13,40.6900
2015-11-16,41.6800
2015-11-17,40.7300
2015-11-18,40.7500
2015-11-19,40.5500
2015-11-20,39.3900
2015-11-23,39.2700
2015-11-24,40.8900
2015-11-25,41.2200
2015-11-27,40.5700
2015-11-30,40.4300
2015-12-01,40.5800
2015-12-02,39.9300
2015-12-03,41.0800
2015-12-04,40.0000
2015-12-07,37.6400
2015-12-08,37.4600
2015-12-09,37.1600
2015-12-10,36.7600
2015-12-11,35.6500
2015-12-14,36.3100
2015-12-15,37.3200
2015-12-16,35.5500
2015-12-17,34.9800
2015-12-18,34.7200
2015-12-21,34.5500
2015-12-22,36.1200
2015-12-23,36.7600
2015-12-24,37.6200
2015-12-28,36.3600
2015-12-29,37.8800
2015-12-30,36.5900
2015-12-31,37.1300
2016-01-04,36.8100
2016-01-05,35.9700
2016-01-06,33.9700
2016-01-07,33.2900
2016-01-08,33.2000
2016-01-11,31.4200
2016-01-12,30.4200
2016-01-13,30.4200
2016-01-14,31.2200
2016-01-15,29.4500
2016-01-19,28.4700
2016-01-20,26.6800
2016-01-21,29.5500
2016-01-22,32.0700
2016-01-25,30.3100
2016-01-26,29.5400
2016-01-27,32.3200
2016-01-28,33.2100
2016-01-29,33.6600
2016-02-01,31.6200
2016-02-02,29.9000
2016-02-03,32.2900
2016-02-04,31.6300
2016-02-05,30.8600
2016-02-08,29.7100
2016-02-09,27.9600
2016-02-10,27.5400
2016-02-11,26.1900
2016-02-12,29.3200
2016-02-16,29.0500
2016-02-17,30.6800
2016-02-18,30.7700
2016-02-19,29.5900
2016-02-22,31.3700
2016-02-23,31.8400
2016-02-24,30.3500
2016-02-25,31.4000
2016-02-26,31.6500
2016-02-29,32.7400
2016-03-01,34.3900
2016-03-02,34.5700
2016-03-03,34.5600
2016-03-04,35.9100
2016-03-07,37.9000
2016-03-08,36.6700
2016-03-09,37.6200
2016-03-10,37.7700
2016-03-11,38.5100
2016-03-14,37.2000
2016-03-15,36.3200
2016-03-16,38.4300
2016-03-17,40.1700
2016-03-18,39.4700
2016-03-21,39.9100
2016-03-22,41.4500
2016-03-23,38.2800
2016-03-24,38.1400
2016-03-28,37.9900
2016-03-29,36.9100
2016-03-30,36.9100
2016-03-31,36.9400
2016-04-01,35.3600
2016-04-04,34.3000
2016-04-05,34.5200
2016-04-06,37.7400
2016-04-07,37.3000
2016-04-08,39.7400
2016-04-11,40.4600
2016-04-12,42.1200
2016-04-13,41.7000
2016-04-14,41.4500
2016-04-15,40.4000
2016-04-18,39.7400
2016-04-19,40.8800
2016-04-20,42.7200
2016-04-21,43.1800
2016-04-22,42.7600
2016-04-25,41.6700
2016-04-26,42.5200
2016-04-27,45.2900
2016-04-28,46.0300
2016-04-29,45.9800
2016-05-02,44.7500
2016-05-03,43.6500
2016-05-04,43.7700
2016-05-05,44.3300
2016-05-06,44.5800
2016-05-09,43.4500
2016-05-10,44.6800
2016-05-11,46.2100
2016-05-12,46.6400
2016-05-13,46.2200
2016-05-16,47.7200
2016-05-17,48.2900
2016-05-18,48.1200
2016-05-19,48.1600
2016-05-20,47.6700
2016-05-23,48.1200
2016-05-24,48.0400
2016-05-25,49.1000
2016-05-26,49.0000
2016-05-27,49.3600
2016-05-31,49.1000
2016-06-01,49.0700
2016-06-02,49.1400
2016-06-03,48.6900
2016-06-06,49.7100
2016-06-07,50.3700
2016-06-08,51.2300
2016-06-09,50.5200
2016-06-10,49.0900
2016-06-13,48.8900
2016-06-14,48.4900
2016-06-15,47.9200
2016-06-16,46.1400
2016-06-17,48.0000
2016-06-20,49.4000
2016-06-21,48.9500
2016-06-22,49.1600
2016-06-23,49.3400
2016-06-24,46.7000
2016-06-27,45.8000
2016-06-28,47.9300
2016-06-29,49.8500
2016-06-30,48.2700
2016-07-01,49.0200
2016-07-05,46.7300
2016-07-06,47.3700
2016-07-07,45.2200
2016-07-08,45.3700
2016-07-11,44.7300
2016-07-12,46.8200
2016-07-13,44.8700
2016-07-14,45.6400
2016-07-15,45.9300
2016-07-18,45.2300
2016-07-19,44.6400
2016-07-20,44.9600
2016-07-21,43.9600
2016-07-22,43.4100
2016-07-25,42.4000
2016-07-26,42.1600
2016-07-27,41.9000
2016-07-28,41.1300
2016-07-29,41.5400
2016-08-01,40.0500
2016-08-02,39.5000
2016-08-03,40.8000
2016-08-04,41.9200
2016-08-05,41.8300
2016-08-08,43.0600
2016-08-09,42.7800
2016-08-10,41.7500
2016-08-11,43.5100
2016-08-12,44.4700
2016-08-15,45.7200
2016-08-16,46.5700
2016-08-17,46.8100
2016-08-18,48.2000
2016-08-19,48.4800
2016-08-22,46.8000
2016-08-23,47.5400
2016-08-24,46.2900
2016-08-25,46.9700
2016-08-26,47.6400
2016-08-29,46.9700
2016-08-30,46.3200
2016-08-31,44.6800
2016-09-01,43.1700
2016-09-02,44.3900
2016-09-06,44.8500
2016-09-07,45.4700
2016-09-08,47.6300
2016-09-09,45.8800
2016-09-12,46.2800
2016-09-13,44.9100
2016-09-14,43.6200
2016-09-15,43.8500
2016-09-16,43.0400
2016-09-19,43.3400
2016-09-20,43.8500
2016-09-21,45.3300
2016-09-22,46.1000
2016-09-23,44.3600
2016-09-26,45.6000
2016-09-27,44.6500
2016-09-28,47.0700
2016-09-29,47.7200
2016-09-30,47.7200
2016-10-03,48.8000
2016-10-04,48.6700
2016-10-05,49.7500
2016-10-06,50.4400
2016-10-07,49.7600
2016-10-10,49.7600
2016-10-11,50.7200
2016-10-12,50.1400
2016-10-13,50.4700
2016-10-14,50.3500
2016-10-17,49.9700
2016-10-18,50.3000
2016-10-19,51.5900
2016-10-20,50.3100
2016-10-21,50.6100
2016-10-24,50.1800
2016-10-25,49.4500
2016-10-26,48.7500
2016-10-27,49.7100
2016-10-28,48.7200
2016-10-31,46.8300
2016-11-01,46.6600
2016-11-02,45.3200
2016-11-03,44.6600
2016-11-04,44.0700
2016-11-07,44.8800
2016-11-08,44.9600
2016-11-09,45.2000
2016-11-10,44.6200
2016-11-11,43.3900
2016-11-14,43.2900
2016-11-15,45.8600
2016-11-16,45.5600
2016-11-17,45.3700
2016-11-18,45.6900
2016-11-21,47.4800
2016-11-22,48.0700
2016-11-23,46.7200
2016-11-25,46.7200
2016-11-28,45.6600
2016-11-29,45.2900
2016-11-30,49.4100
2016-12-01,51.0800
2016-12-02,51.7000
2016-12-05,51.7200
2016-12-06,50.9500
2016-12-07,49.8500
2016-12-08,50.8400
2016-12-09,51.5100
2016-12-12,52.7400
2016-12-13,52.9900
2016-12-14,51.0100
2016-12-15,50.9000
2016-12-16,51.9300
2016-12-19,52.1300
2016-12-20,52.2200
2016-12-21,51.4400
2016-12-22,51.9800
2016-12-23,52.0100
2016-12-27,52.8200
2016-12-28,54.0100
2016-12-29,53.8000
2016-12-30,53.7500
2017-01-03,52.3600
2017-01-04,53.2600
2017-01-05,53.7700
2017-01-06,53.9800
2017-01-09,51.9500
2017-01-10,50.8200
2017-01-11,52.1900
2017-01-12,53.0100
2017-01-13,52.3600
2017-01-17,52.4500
2017-01-18,51.1200
2017-01-19,51.3900
2017-01-20,52.3300
2017-01-23,52.7700
2017-01-24,52.3800
2017-01-25,52.1400
2017-01-26,53.2400
2017-01-27,53.1800
2017-01-30,52.6300
2017-01-31,52.7500
2017-02-01,53.9000
2017-02-02,53.5500
2017-02-03,53.8100
2017-02-06,53.0100
2017-02-07,52.1900
2017-02-08,52.3700
2017-02-09,52.9900
2017-02-10,53.8400
2017-02-13,52.9600
2017-02-14,53.2100
2017-02-15,53.1100
2017-02-16,53.4100
2017-02-17,53.4100
2017-02-21,54.0200
2017-02-22,53.6100
2017-02-23,54.4800
2017-02-24,53.9900
2017-02-27,54.0400
2017-02-28,54.0000
2017-03-01,53.8200
2017-03-02,52.6300
2017-03-03,53.3300
2017-03-06,53.1900
2017-03-07,52.6800
2017-03-08,49.8300
2017-03-09,48.7500
2017-03-10,48.0500
2017-03-13,47.9500
2017-03-14,47.2400
2017-03-15,48.3400
2017-03-16,48.3000
2017-03-17,48.3400
2017-03-20,47.7900
2017-03-21,47.0200
2017-03-22,47.2900
2017-03-23,47.0000
2017-03-24,47.3000
2017-03-27,47.0200
2017-03-28,48.3600
2017-03-29,49.4700
2017-03-30,50.3000
2017-03-31,50.5400
2017-04-03,50.2500
2017-04-04,50.9900
2017-04-05,51.1400
2017-04-06,51.6900
2017-04-07,52.2500
2017-04-10,53.0600
2017-04-11,53.3800
2017-04-12,53.1200
2017-04-13,53.1900
2017-04-17,52.6200
2017-04-18,52.4600
2017-04-19,50.4900
2017-04-20,50.2600
2017-04-21,49.6400
2017-04-24,48.9000
2017-04-25,49.2200
2017-04-26,49.2200
2017-04-27,48.9600
2017-04-28,49.3100
2017-05-01,48.8300
2017-05-02,47.6500
2017-05-03,47.7900
2017-05-04,45.5500
2017-05-05,46.2300
2017-05-08,46.4600
2017-05-09,45.8400
2017-05-10,47.2800
2017-05-11,47.8100
2017-05-12,47.8300
2017-05-15,48.8600
2017-05-16,48.6400
2017-05-17,49.0400
2017-05-18,49.3600
2017-05-19,50.3200
2017-05-22,50.8100
2017-05-23,51.1200
2017-05-24,50.9900
2017-05-25,48.5700
2017-05-26,49.5800
2017-05-30,49.6300
2017-05-31,48.2900
2017-06-01,48.3200
2017-06-02,47.6800
2017-06-05,47.4000
2017-06-06,48.1300
2017-06-07,45.8000
2017-06-08,45.6800
2017-06-09,45.8200
2017-06-12,46.1000
2017-06-13,46.4100
2017-06-14,44.7900
2017-06-15,44.4700
2017-06-16,44.7300
2017-06-19,44.2400
2017-06-20,43.3400
2017-06-21,42.4800
2017-06-22,42.5300
2017-06-23,42.8600
2017-06-26,43.2400
2017-06-27,44.2500
2017-06-28,44.7400
2017-06-29,44.8800
2017-06-30,46.0200
2017-07-05,45.1100
2017-07-06,45.5200
2017-07-07,44.2500
2017-07-10,44.4000
2017-07-11,45.0600
2017-07-12,45.4800
2017-07-13,46.0600
2017-07-14,46.5300
2017-07-17,46.0200
2017-07-18,46.4000
2017-07-19,47.1000
2017-07-20,46.7300
2017-07-21,45.7800
2017-07-24,46.2100
2017-07-25,47.7700
2017-07-26,48.5800
2017-07-27,49.0500
2017-07-28,49.7200
2017-07-31,50.2100
2017-08-01,49.1900
2017-08-02,49.6000
2017-08-03,49.0300
2017-08-04,49.5700
2017-08-07,49.3700
2017-08-08,49.0700
2017-08-09,49.5900
2017-08-10,48.5400
2017-08-11,48.8100
2017-08-14,47.5900
2017-08-15,47.5700
2017-08-16,46.8000
2017-08-17,47.0700
2017-08-18,48.5900
2017-08-21,47.3900
2017-08-22,47.6500
2017-08-23,48.4500
2017-08-24,47.2400
2017-08-25,47.6500
2017-08-28,46.4000
2017-08-29,46.4600
2017-08-30,45.9600
2017-08-31,47.2600
2017-09-01,47.3200
2017-09-05,48.6300
2017-09-06,49.1300
2017-09-07,49.1000
2017-09-08,47.4400
2017-09-11,48.0600
2017-09-12,48.2100
2017-09-13,49.3000
2017-09-14,49.8600
2017-09-15,49.9000
2017-09-18,49.8800
2017-09-19,49.5400
2017-09-20,50.2900
2017-09-21,50.5800
2017-09-22,50.3300
2017-09-25,51.8500
2017-09-26,51.5900
2017-09-27,52.1400
2017-09-28,51.6200
2017-09-29,51.6700
2017-10-02,50.5900
2017-10-03,50.4400
2017-10-04,50.0000
2017-10-05,50.7900
2017-10-06,49.3400
2017-10-09,49.5800
2017-10-10,50.9300
2017-10-11,51.3000
2017-10-12,50.6100
2017-10-13,51.4300
2017-10-16,51.8600
2017-10-17,51.8700
2017-10-18,52.0500
2017-10-19,51.2900
2017-10-20,51.6300
2017-10-23,51.9100
2017-10-24,52.3200
2017-10-25,51.9700
2017-10-26,52.4100
2017-10-27,53.9200
2017-10-30,54.1100
2017-10-31,54.3600
2017-11-01,54.3200
2017-11-02,54.5500
2017-11-03,55.6300
2017-11-06,57.3400
2017-11-07,57.1900
2017-11-08,56.8200
2017-11-09,57.1600
2017-11-10,56.7500
2017-11-13,56.7700
2017-11-14,55.6700
2017-11-15,55.2800
2017-11-16,55.1400
2017-11-17,56.2100
2017-11-20,56.2100
2017-11-21,56.8400
2017-11-22,57.8800
2017-11-24,58.9400
2017-11-27,58.1000
2017-11-28,57.9600
2017-11-29,57.2500
2017-11-30,57.4000
2017-12-01,58.3500
2017-12-04,57.4800
2017-12-05,57.6600
2017-12-06,55.7900
2017-12-07,56.5000
2017-12-08,57.1500
2017-12-11,57.8400
2017-12-12,57.1200
2017-12-13,56.5900
2017-12-14,57.0000
2017-12-15,57.2900
2017-12-18,57.1700
2017-12-19,57.4900
2017-12-20,58.0900
2017-12-21,58.3400
2017-12-22,58.2500
2017-12-26,59.5500
2017-12-27,59.6700
2017-12-28,59.8400
2017-12-29,60.4600
2018-01-02,60.3700
2018-01-03,61.6100
2018-01-04,61.9800
2018-01-05,61.4900
2018-01-08,61.7300
2018-01-09,62.9200
2018-01-10,63.6000
2018-01-11,63.8100
2018-01-12,64.2200
2018-01-16,63.8200
2018-01-17,63.9200
2018-01-18,63.9600
2018-01-19,63.3800
2018-01-22,63.6600
2018-01-23,64.4500
2018-01-24,65.6900
2018-01-25,65.6200
2018-01-26,66.2700
2018-01-29,65.7100
2018-01-30,64.6400
2018-01-31,64.8200
2018-02-01,65.9200
2018-02-02,65.5000
2018-02-05,64.1800
2018-02-06,63.4800
2018-02-07,61.9100
2018-02-08,61.3000
2018-02-09,59.2000
2018-02-12,59.4100
2018-02-13,59.3300
2018-02-14,60.7000
2018-02-15,61.4800
2018-02-16,61.8900
2018-02-20,61.9100
2018-02-21,61.7300
2018-02-22,62.7200
2018-02-23,63.5200
2018-02-26,63.8100
2018-02-27,62.9400
2018-02-28,61.4300
2018-03-01,60.9800
2018-03-02,61.1900
2018-03-05,62.4900
2018-03-06,62.5400
2018-03-07,61.0900
2018-03-08,60.1300
2018-03-09,62.0200
2018-03-12,61.3500
2018-03-13,60.6900
2018-03-14,60.8900
2018-03-15,61.1600
2018-03-16,62.2900
2018-03-19,62.0100
2018-03-20,63.3700
2018-03-21,65.1000
2018-03-22,64.2500
2018-03-23,65.8000
2018-03-26,65.4900
2018-03-27,65.2100
2018-03-28,64.3000
2018-03-29,64.8700
2018-04-02,63.0500
2018-04-03,63.4100
2018-04-04,63.3500
2018-04-05,63.5300
2018-04-06,62.0300
2018-04-09,63.4000
2018-04-10,65.4800
2018-04-11,66.8100
2018-04-12,67.0700
2018-04-13,67.3500
2018-04-16,66.2300
2018-04-17,66.5000
2018-04-18,68.4400
2018-04-19,68.3000
2018-04-20,68.2600
2018-04-23,67.6100
2018-04-24,67.6600
2018-04-25,68.0000
2018-04-26,68.1800
2018-04-27,68.1100
2018-04-30,68.5600
2018-05-01,67.2800
2018-05-02,67.9100
2018-05-03,68.4500
2018-05-04,69.7100
2018-05-07,70.7400
2018-05-08,68.8300
2018-05-09,71.1600
2018-05-10,71.3600
2018-05-11,70.6900
2018-05-14,71.0100
2018-05-15,71.3400
2018-05-16,71.4300
2018-05-17,71.4700
2018-05-18,71.2300
2018-05-21,72.2600
2018-05-22,72.0900
2018-05-23,71.8500
2018-05-24,70.7700
2018-05-25,67.9200
2018-05-29,66.8000
2018-05-30,68.2400
2018-05-31,66.9800
2018-06-01,65.8100
2018-06-04,64.7600
2018-06-05,65.5100
2018-06-06,64.7500
2018-06-07,65.9600
2018-06-08,65.7700
2018-06-11,66.1000
2018-06-12,66.3800
2018-06-13,66.6300
2018-06-14,66.9100
2018-06-15,65.0100
2018-06-18,65.9100
2018-06-19,65.0900
2018-06-20,65.9200
2018-06-21,65.6800
2018-06-22,69.0200
2018-06-25,69.9100
2018-06-26,75.2300
2018-06-27,77.4100
2018-06-28,73.4500
2018-06-29,74.1300
2018-07-02,73.8900
2018-07-03,74.1900
2018-07-05,73.0500
2018-07-06,73.7800
2018-07-09,73.9300
2018-07-10,74.1100
2018-07-11,70.4700
2018-07-12,70.2800
2018-07-13,71.0300
2018-07-16,68.2200
2018-07-17,68.0300
2018-07-18,68.7800
2018-07-19,69.4200
2018-07-20,70.3100
2018-07-23,67.9000
2018-07-24,70.7700
2018-07-25,71.1300
2018-07-26,71.5900
2018-07-27,68.6600
2018-07-30,71.1900
2018-07-31,69.8800
2018-08-01,68.8000
2018-08-02,68.9500
2018-08-03,68.4900
2018-08-06,69.0100
2018-08-07,69.1700
2018-08-08,66.9200
2018-08-09,66.8100
2018-08-10,67.6100
2018-08-13,67.2500
2018-08-14,67.0400
2018-08-15,65.0700
2018-08-16,65.4400
2018-08-17,65.9300
2018-08-20,66.5000
2018-08-21,67.3200
2018-08-22,67.8500
2018-08-23,69.1300
2018-08-24,69.7100
2018-08-27,69.9700
2018-08-28,68.5400
2018-08-29,69.6800
2018-08-30,70.2500
2018-08-31,69.8400
2018-09-04,69.8200
2018-09-05,68.6900
2018-09-06,67.8100
2018-09-07,67.7300
2018-09-10,67.5500
2018-09-11,69.2900
2018-09-12,70.3700
2018-09-13,68.6000
2018-09-14,68.9800
2018-09-17,68.8600
2018-09-18,69.8700
2018-09-19,71.0800
2018-09-20,70.7700
2018-09-21,70.8000
2018-09-24,73.2300
2018-09-25,73.4000
2018-09-26,72.2200
2018-09-27,72.1800
2018-09-28,73.1600
2018-10-01,75.3700
2018-10-02,75.1600
2018-10-03,76.4000
2018-10-04,74.4400
2018-10-05,74.2600
2018-10-08,74.2700
2018-10-09,74.9500
2018-10-10,73.1800
2018-10-11,70.9700
2018-10-12,71.4100
2018-10-15,71.8400
2018-10-16,71.9300
2018-10-17,69.6300
2018-10-18,68.6300
2018-10-19,69.1600
2018-10-22,69.2500
2018-10-23,66.4900
2018-10-24,66.5600
2018-10-25,67.2500
2018-10-26,67.5800
2018-10-29,67.0000
2018-10-30,66.1800
2018-10-31,65.3100
2018-11-01,63.6700
2018-11-02,63.1200
2018-11-05,63.1200
2018-11-06,62.1600
2018-11-07,61.6900
2018-11-08,60.7100
2018-11-09,60.1900
2018-11-12,59.8500
2018-11-13,55.6300
2018-11-14,56.1600
2018-11-15,56.4500
2018-11-16,56.4900
2018-11-19,57.1600
2018-11-20,53.3900
2018-11-21,54.4100
2018-11-26,51.4600
2018-11-27,51.3100
2018-11-28,50.0600
2018-11-29,51.4600
2018-11-30,50.7800
2018-12-03,52.9800
2018-12-04,53.2100
2018-12-05,52.6400
2018-12-06,51.5400
2018-12-07,52.7600
2018-12-10,51.0700
2018-12-11,51.6500
2018-12-12,51.0400
2018-12-13,52.6900
2018-12-14,51.2600
2018-12-17,49.8000
2018-12-18,46.1200
2018-12-19,47.9600
2018-12-20,45.6400
2018-12-21,45.3800
2018-12-26,46.0400
2018-12-27,44.4800
2018-12-28,45.1500
2019-01-02,46.3100
2019-01-03,46.9200
2019-01-04,47.7600
2019-01-07,48.2700
2019-01-08,49.5800
2019-01-09,52.1900
2019-01-10,52.4200
2019-01-11,51.4400
2019-01-14,50.3100
2019-01-15,51.8000
2019-01-16,52.0800
2019-01-17,51.8300
2019-01-18,53.6000
2019-01-22,52.5900
2019-01-23,52.4400
2019-01-24,52.9400
2019-01-25,53.5300
2019-01-28,51.7900
2019-01-29,53.0700
2019-01-30,54.1800
2019-01-31,53.8400
2019-02-01,55.2900
2019-02-04,54.5700
2019-02-05,53.6900
2019-02-06,53.9400
2019-02-07,52.6800
2019-02-08,52.7500
2019-02-11,52.4300
2019-02-12,53.1400
2019-02-13,53.8400
2019-02-14,54.4000
2019-02-15,55.5800
2019-02-19,56.1200
2019-02-20,56.9000
2019-02-21,56.9500
2019-02-22,57.0100
2019-02-25,55.3200
2019-02-26,55.4000
2019-02-27,56.9200
2019-02-28,57.2100
2019-03-01,55.7600
2019-03-04,56.6000
2019-03-05,56.5500
2019-03-06,56.2200
2019-03-07,56.6000
2019-03-08,55.7700
2019-03-11,56.7900
2019-03-12,56.8900
2019-03-13,58.2700
2019-03-14,58.5900
2019-03-15,58.5100
2019-03-18,59.0900
2019-03-19,59.1200
2019-03-20,60.1200
2019-03-21,59.9800
2019-03-22,58.8700
2019-03-25,58.7100
2019-03-26,59.8700
2019-03-27,59.3900
2019-03-28,59.2900
2019-03-29,60.1900
2019-04-01,61.5900
2019-04-02,62.5300
2019-04-03,62.4600
2019-04-04,62.1200
2019-04-05,63.1000
2019-04-08,64.3700
2019-04-09,64.0500
2019-04-10,64.6200
2019-04-11,63.6100
2019-04-12,63.8600
2019-04-15,63.4300
2019-04-16,64.0100
2019-04-17,63.7400
2019-04-18,64.0200
2019-04-22,65.6600
2019-04-23,66.2400
2019-04-24,65.9600
2019-04-25,65.2300
2019-04-26,63.2900
2019-04-29,63.3900
2019-04-30,63.8300
2019-05-01,63.5500
2019-05-02,61.7500
2019-05-03,61.9800
2019-05-06,62.3000
2019-05-07,61.4100
2019-05-08,62.1300
2019-05-09,61.5800
2019-05-10,61.6500
2019-05-13,60.9700
2019-05-14,61.8200
2019-05-15,62.0300
2019-05-16,62.9300
2019-05-17,62.7700
2019-05-20,63.1200
2019-05-21,63.0200
2019-05-22,61.4200
2019-05-23,57.6500
2019-05-24,58.4000
2019-05-28,58.9100
2019-05-29,58.8400
2019-05-30,56.4700
2019-05-31,53.4900
2019-06-03,53.2500
2019-06-04,53.5000
2019-06-05,51.5700
2019-06-06,52.5900
2019-06-07,53.9500
2019-06-10,53.3300
2019-06-11,53.3000
2019-06-12,51.1300
2019-06-13,52.3800
2019-06-14,52.4700
2019-06-17,51.9400
2019-06-18,53.8600
2019-06-19,53.7400
2019-06-20,56.8800
2019-06-21,57.3500
2019-06-24,57.7300
2019-06-25,57.6300
2019-06-26,59.1700
2019-06-27,59.1800
2019-06-28,58.2000
2019-07-01,58.9100
2019-07-02,56.0000
2019-07-03,57.0600
2019-07-08,57.3500
2019-07-09,57.5700
2019-07-10,60.2800
2019-07-11,59.9300
2019-07-12,59.9900
2019-07-15,59.3000
2019-07-16,57.4400
2019-07-17,56.5000
2019-07-18,55.0800
2019-07-19,55.4200
2019-07-22,55.8700
2019-07-23,56.5800
2019-07-24,55.9000
2019-07-25,55.8800
2019-07-26,56.0400
2019-07-29,56.8500
2019-07-30,58.0400
2019-07-31,58.5300
2019-08-01,53.6400
2019-08-02,55.6700
2019-08-05,54.6300
2019-08-06,53.6000
2019-08-07,51.1400
2019-08-08,52.6000
2019-08-09,54.4100
2019-08-12,54.9800
2019-08-13,57.0500
2019-08-14,55.1600
2019-08-15,54.5100
2019-08-16,54.8300
2019-08-19,56.2400
2019-08-20,56.1800
2019-08-21,55.6500
2019-08-22,55.3300
2019-08-23,54.0800
2019-08-26,53.5400
2019-08-27,54.9900
2019-08-28,55.7600
2019-08-29,56.6700
2019-08-30,55.0700
2019-09-03,53.9100
2019-09-04,56.2200
2019-09-05,56.3300
2019-09-06,56.4500
2019-09-09,57.8800
2019-09-10,57.3700
2019-09-11,55.6600
2019-09-12,55.1300
2019-09-13,54.7600
2019-09-16,63.1000
2019-09-17,59.2600
2019-09-18,58.1900
2019-09-19,58.1900
2019-09-20,57.9200
2019-09-23,58.6900
2019-09-24,57.2200
2019-09-25,56.3800
2019-09-26,56.2400
2019-09-27,55.9500
2019-09-30,54.0900
2019-10-01,53.6000
2019-10-02,52.6700
2019-10-03,52.4100
2019-10-04,52.8400
2019-10-07,52.7600
2019-10-08,52.6400
2019-10-09,52.6300
2019-10-10,53.5700
2019-10-11,54.7600
2019-10-14,53.5700
2019-10-15,52.8100
2019-10-16,53.4200
2019-10-17,53.8900
2019-10-18,53.7500
2019-10-21,53.2800
2019-10-22,54.2100
2019-10-23,55.9000
2019-10-24,56.1100
2019-10-25,56.5200
2019-10-28,55.6000
2019-10-29,55.3400
2019-10-30,54.8500
2019-10-31,54.0200
2019-11-01,56.0400
2019-11-04,56.3300
2019-11-05,57.0400
2019-11-06,56.1500
2019-11-07,56.9100
2019-11-08,57.0200
2019-11-12,56.6700
2019-11-13,56.8800
2019-11-14,56.5700
2019-11-15,57.5400
2019-11-18,56.8200
2019-11-19,54.9300
2019-11-20,56.7100
2019-11-21,58.3600
2019-11-22,57.6800
2019-11-25,57.7900
2019-11-26,58.2500
2019-11-27,58.1200
2019-11-29,58.1200
2019-12-02,55.9700
2019-12-03,56.1500
2019-12-04,58.4600
2019-12-05,58.4200
2019-12-06,59.2000
2019-12-09,58.9900
2019-12-10,59.2200
2019-12-11,58.7400
2019-12-12,59.1800
2019-12-13,60.1100
2019-12-16,60.2100
2019-12-17,60.8800
2019-12-18,60.9300
2019-12-19,61.3000
2019-12-20,60.4300
2019-12-23,60.5100
2019-12-24,61.1700
2019-12-26,61.7200
2019-12-27,61.7600
2019-12-30,61.6600
2019-12-31,61.1400
2020-01-02,61.1700
2020-01-03,63.0000
2020-01-06,63.2700
2020-01-07,62.7000
2020-01-08,59.6500
2020-01-09,59.5600
2020-01-10,59.0200
2020-01-13,58.1700
2020-01-14,58.3400
2020-01-15,57.8600
2020-01-16,58.5200
2020-01-17,58.5500
2020-01-21,58.2500
2020-01-22,56.7600
2020-01-23,55.5100
2020-01-24,54.0900
2020-01-27,53.0900
2020-01-28,53.3300
2020-01-29,53.2900
2020-01-30,52.1900
2020-01-31,51.5800
2020-02-03,50.0600
2020-02-04,49.5900
2020-02-05,50.8700
2020-02-06,50.9400
2020-02-07,50.3400
2020-02-10,49.5900
2020-02-11,50.0000
2020-02-12,51.1300
2020-02-13,51.4100
2020-02-14,52.0300
2020-02-18,52.1000
2020-02-19,53.3100
2020-02-20,53.7700
2020-02-21,53.3600
2020-02-24,51.4300
2020-02-25,49.9000
2020-02-26,48.7300
2020-02-27,47.0900
2020-02-28,44.7600
2020-03-02,46.7500
2020-03-03,47.1800
2020-03-04,46.7800
2020-03-05,45.9000
2020-03-06,41.2800
2020-03-09,31.1300
2020-03-10,34.3600
2020-03-11,32.9800
2020-03-12,31.5000
2020-03-13,31.7300
2020-03-16,28.7000
2020-03-17,27.0260
2020-03-18,20.5540
2020-03-19,25.6340
2020-03-20,22.5900
2020-03-23,23.3600
2020-03-24,24.0100
2020-03-25,24.4900
2020-03-26,22.6000
2020-03-27,21.5100
2020-03-30,20.0900
2020-03-31,20.4800
2020-04-01,20.3100
2020-04-02,25.3200
2020-04-03,28.3400
2020-04-06,26.0800
2020-04-07,23.6300
2020-04-08,25.0900
2020-04-09,22.7600
2020-04-13,22.4100
2020-04-14,20.1100
2020-04-15,19.8700
2020-04-16,21.0020
2020-04-17,20.9740
2020-04-21,11.2580
2020-04-22,13.7800
2020-04-23,16.5000
2020-04-24,16.9400
2020-04-27,12.7800
2020-04-28,12.3400
2020-04-29,15.0600
2020-04-30,18.8400
2020-05-01,19.7800
2020-05-04,20.3900
2020-05-05,24.5600
2020-05-06,23.9900
2020-05-07,23.5500
2020-05-08,24.7400
2020-05-11,24.1400
2020-05-12,25.7800
2020-05-13,25.2900
2020-05-14,27.6240
2020-05-15,29.4660
2020-05-18,31.7180
2020-05-19,32.0680
2020-05-20,33.4900
2020-05-21,33.9200
2020-05-22,33.2500
2020-05-26,34.3500
2020-05-27,32.8100
2020-05-28,33.7100
2020-05-29,35.4900
2020-06-01,35.4400
2020-06-02,36.8100
2020-06-03,37.2900
2020-06-04,37.4100
2020-06-05,39.5500
2020-06-08,38.1900
2020-06-09,38.9400
2020-06-10,39.6000
2020-06-11,36.3400
2020-06-12,36.2600
2020-06-15,37.1200
2020-06-16,38.3800
2020-06-17,38.0100
2020-06-18,38.9240
2020-06-19,39.7980
2020-06-22,40.6760
2020-06-23,40.3700
2020-06-24,38.0100
2020-06-25,38.7200
2020-06-26,38.4900
2020-06-29,39.7000
2020-06-30,39.2700
2020-07-01,39.8200
2020-07-02,40.6500
2020-07-06,40.6300
2020-07-07,40.6200
2020-07-08,40.9000
2020-07-09,39.6200
2020-07-10,40.5500
2020-07-13,40.1000
2020-07-14,40.2900
2020-07-15,41.2000
2020-07-16,40.7860
2020-07-17,40.6540
2020-07-20,40.8760
2020-07-21,41.9280
2020-07-22,41.9000
2020-07-23,41.0700
2020-07-24,41.2900
2020-07-27,41.6000
2020-07-28,41.0400
2020-07-29,41.2700
2020-07-30,39.9200
2020-07-31,40.2700
2020-08-03,41.0100
2020-08-04,41.7000
2020-08-05,42.1900
2020-08-06,41.9500
2020-08-07,41.2200
2020-08-10,41.9400
2020-08-11,41.6100
2020-08-12,42.6700
2020-08-13,42.2400
2020-08-14,42.0100
2020-08-17,42.9460
2020-08-18,42.9820
2020-08-19,43.0380
2020-08-20,42.7720
2020-08-21,42.3400
2020-08-24,42.6200
2020-08-25,43.3500
2020-08-26,43.3900
2020-08-27,43.0400
2020-08-28,42.9700
2020-08-31,42.6100
2020-09-01,42.7600
2020-09-02,41.5100
2020-09-03,41.3700
2020-09-04,39.7700
2020-09-08,36.7600
2020-09-09,38.0500
2020-09-10,37.3000
2020-09-11,37.3300
2020-09-14,37.2600
2020-09-15,38.2800
2020-09-16,40.1600
2020-09-17,41.0200
2020-09-18,41.1940
2020-09-21,39.4480
2020-09-22,39.7600
2020-09-23,39.9300
2020-09-24,40.3100
2020-09-25,40.2500
2020-09-28,40.6000
2020-09-29,39.2900
2020-09-30,40.2200
2020-10-01,38.7200
2020-10-02,37.0500
2020-10-05,39.2200
2020-10-06,40.6700
2020-10-07,39.9500
2020-10-08,41.1900
2020-10-09,40.6000
2020-10-12,39.4300
2020-10-13,40.2000
2020-10-14,41.0400
2020-10-15,41.0160
2020-10-16,40.9760
2020-10-19,40.9680
2020-10-20,41.6520
2020-10-21,40.0300
2020-10-22,40.6400
2020-10-23,39.8500
2020-10-26,38.5600
2020-10-27,39.5700
2020-10-28,37.3900
2020-10-29,36.1700
2020-10-30,35.7900
2020-11-02,36.8100
2020-11-03,37.6600
2020-11-04,39.1500
2020-11-05,38.7900
2020-11-06,37.1400
2020-11-09,40.2900
2020-11-10,41.3600
2020-11-11,41.4500
2020-11-12,41.1200
2020-11-13,40.1300
2020-11-16,41.3400
2020-11-17,41.4740
2020-11-18,41.8960
2020-11-19,41.8360
2020-11-20,42.3660
2020-11-23,43.0600
2020-11-24,44.9100
2020-11-25,45.7100
2020-11-27,45.5300
2020-11-30,45.3400
2020-12-01,44.5500
2020-12-02,45.2800
2020-12-03,45.6400
2020-12-04,46.2600
2020-12-07,45.7600
2020-12-08,45.6000
2020-12-09,45.5200
2020-12-10,46.7800
2020-12-11,46.5700
2020-12-14,46.9900
2020-12-15,47.6200
2020-12-16,47.8560
2020-12-17,48.4320
2020-12-18,49.1840
2020-12-21,47.9240
2020-12-22,47.0200
2020-12-23,48.1200
2020-12-24,48.2300
2020-12-28,47.6200
2020-12-29,48.0000
2020-12-30,48.4000
2020-12-31,48.5200
2021-01-04,47.6200
2021-01-05,49.9300
2021-01-06,50.6300
2021-01-07,50.8300
2021-01-08,52.2400
2021-01-11,52.2500
2021-01-12,53.2100
2021-01-13,52.9100
2021-01-14,53.5800
2021-01-15,52.3840
2021-01-19,52.9800
2021-01-20,53.2960
2021-01-21,53.1300
2021-01-22,52.2700
2021-01-25,52.7700
2021-01-26,52.6100
2021-01-27,52.8500
2021-01-28,52.3400
2021-01-29,52.2000
2021-02-01,53.5500
2021-02-02,54.7600
2021-02-03,55.6900
2021-02-04,56.2300
2021-02-05,56.8500
2021-02-08,57.9700
2021-02-09,58.3600
2021-02-10,58.6800
2021-02-11,58.2400
2021-02-12,59.4700
2021-02-16,60.0500
2021-02-17,61.1440
2021-02-18,60.5240
2021-02-19,59.2520
2021-02-22,61.6580
2021-02-23,61.6700
2021-02-24,63.2200
2021-02-25,63.5300
2021-02-26,61.5000
2021-03-01,60.6400
2021-03-02,59.7500
2021-03-03,61.2800
2021-03-04,63.8300
2021-03-05,66.0900
2021-03-08,65.0500
2021-03-09,64.0100
2021-03-10,64.4400
2021-03-11,66.0200
2021-03-12,65.6100
2021-03-15,65.3900
2021-03-16,64.8000
2021-03-17,64.6060
2021-03-18,60.0240
2021-03-19,61.4320
2021-03-22,61.5580
2021-03-23,57.7600
2021-03-24,61.1800
2021-03-25,58.5600
2021-03-26,60.9700
2021-03-29,61.5600
2021-03-30,60.5500
2021-03-31,59.1600
2021-04-01,61.4500
2021-04-05,58.6500
2021-04-06,59.3300
2021-04-07,59.7700
2021-04-08,59.6000
2021-04-09,59.3200
2021-04-12,59.7000
2021-04-13,60.1800
2021-04-14,63.1500
2021-04-15,63.4700
2021-04-16,63.1540
2021-04-19,63.4100
2021-04-20,62.6240
2021-04-21,61.3500
2021-04-22,61.4300
2021-04-23,62.1400
2021-04-26,61.9100
2021-04-27,62.9400
2021-04-28,63.8600
2021-04-29,65.0100
2021-04-30,63.5800
2021-05-03,64.4900
2021-05-04,65.6900
2021-05-05,65.6300
2021-05-06,64.7100
2021-05-07,64.9000
2021-05-10,64.9200
2021-05-11,65.2800
2021-05-12,66.0800
2021-05-13,63.8200
2021-05-14,65.3700
2021-05-17,66.2720
2021-05-18,65.4940
2021-05-19,63.3540
2021-05-20,61.9620
2021-05-21,63.5800
2021-05-24,66.0500
2021-05-25,66.0700
2021-05-26,66.2100
2021-05-27,66.8500
2021-05-28,66.3200
2021-06-01,67.7200
2021-06-02,68.8300
2021-06-03,68.8100
2021-06-04,69.6200
2021-06-07,69.2300
2021-06-08,70.0500
2021-06-09,69.9600
2021-06-10,70.2900
2021-06-11,70.9100
2021-06-14,70.8800
2021-06-15,72.1200
2021-06-16,72.1500
2021-06-17,70.9880
2021-06-18,71.5000
2021-06-21,73.3360
2021-06-22,72.8920
2021-06-23,73.0800
2021-06-24,73.3000
2021-06-25,74.0500
2021-06-28,72.9100
2021-06-29,72.9800
2021-06-30,73.4700
2021-07-01,75.2300
2021-07-02,75.1600
2021-07-05,75.1600
2021-07-06,73.3700
2021-07-07,72.2000
2021-07-08,72.9400
2021-07-09,74.5600
2021-07-12,74.1000
2021-07-13,75.2500
2021-07-14,73.1300
2021-07-15,71.5960
2021-07-16,71.7100
2021-07-19,66.3780
2021-07-20,67.2440
2021-07-21,70.3000
2021-07-22,71.9100
2021-07-23,72.0700
2021-07-26,71.9100
2021-07-27,71.6500
2021-07-28,72.3900
2021-07-29,73.6200
2021-07-30,73.9500
2021-08-02,71.2600
2021-08-03,70.5600
2021-08-04,68.1500
2021-08-05,69.0900
2021-08-06,68.2800
2021-08-09,66.4800
2021-08-10,68.2900
2021-08-11,69.2500
2021-08-12,69.0900
2021-08-13,68.4400
2021-08-16,67.2900
2021-08-17,66.5400
2021-08-18,65.3600
2021-08-19,63.5760
2021-08-20,62.1760
2021-08-23,65.6400
2021-08-24,67.5400
2021-08-25,68.3600
2021-08-26,67.4200
2021-08-27,68.7400
2021-08-30,69.2100
2021-08-31,68.5000
2021-09-01,68.5900
2021-09-02,69.9900
2021-09-03,69.2900
2021-09-06,69.2900
2021-09-07,68.3500
2021-09-08,69.3000
2021-09-09,68.1400
2021-09-10,69.7200
2021-09-13,70.4500
2021-09-14,70.4600
2021-09-15,72.6100
2021-09-16,72.5620
2021-09-17,71.9100
2021-09-20,70.2000
2021-09-21,70.5040
2021-09-22,72.2300
2021-09-23,73.3000
2021-09-24,73.9800
2021-09-27,75.4500
2021-09-28,75.2900
2021-09-29,74.8300
2021-09-30,75.0300
2021-10-01,75.8800
2021-10-04,77.6200
2021-10-05,78.9300
2021-10-06,77.4300
2021-10-07,78.3000
2021-10-08,79.3500
2021-10-11,80.5200
2021-10-12,80.6400
2021-10-13,80.4400
2021-10-14,81.3100
2021-10-15,82.1700
2021-10-18,82.1400
2021-10-19,82.6480
2021-10-20,83.5100
2021-10-21,82.5000
2021-10-22,83.7600
2021-10-25,83.7600
2021-10-26,84.6500
2021-10-27,82.6600
2021-10-28,82.8100
2021-10-29,83.5700
2021-11-01,84.0500
2021-11-02,83.9100
2021-11-03,80.8600
2021-11-04,78.8100
2021-11-05,81.2700
2021-11-08,81.9300
2021-11-09,84.1500
2021-11-10,81.3400
2021-11-11,81.5900
2021-11-12,80.7900
2021-11-15,80.8800
2021-11-16,80.5560
2021-11-17,78.0360
2021-11-18,78.6500
2021-11-19,75.9720
2021-11-22,76.7500
2021-11-23,78.5000
2021-11-24,78.3900
2021-11-26,68.1500
2021-11-29,69.9500
2021-11-30,66.1800
2021-12-01,65.5700
2021-12-02,66.5000
2021-12-03,66.2600
2021-12-06,69.4900
2021-12-07,72.0500
2021-12-08,72.3600
2021-12-09,70.9400
2021-12-10,71.6700
2021-12-13,71.2900
2021-12-14,70.7300
2021-12-15,70.8280
2021-12-16,72.2880
2021-12-17,70.7760
2021-12-20,68.5340
2021-12-21,71.1200
2021-12-22,72.7600
2021-12-23,73.7900
2021-12-24,73.7900
2021-12-26,73.7900
2021-12-27,75.5700
2021-12-28,75.9800
2021-12-29,76.5600
2021-12-30,76.9900
2021-12-31,75.2100
2022-01-03,76.0800
2022-01-04,76.9900
2022-01-05,77.8500
2022-01-06,79.4600
2022-01-07,78.9000
2022-01-10,78.2300
2022-01-11,81.2200
2022-01-12,82.6400
2022-01-13,82.1200
2022-01-14,83.7160
2022-01-18,85.1900
2022-01-19,86.2640
2022-01-20,85.8200
2022-01-21,85.1400
2022-01-24,83.3100
2022-01-25,85.6000
2022-01-26,87.3500
2022-01-27,86.6100
2022-01-28,86.8200
2022-01-31,88.1500
2022-02-01,88.2000
2022-02-02,88.2600
2022-02-03,90.2700
2022-02-04,92.3100
2022-02-07,91.3200
2022-02-08,89.3600
2022-02-09,89.6600
2022-02-10,89.8800
2022-02-11,93.1000
2022-02-14,95.4600
2022-02-15,92.0700
2022-02-16,93.6600
2022-02-17,91.4160
2022-02-18,90.7260
2022-02-21,90.5540
2022-02-22,91.9980
2022-02-23,92.1000
2022-02-24,92.8100
2022-02-25,91.5900
2022-02-28,95.7200
2022-03-01,103.4100
2022-03-02,110.6000
2022-03-03,107.6700
2022-03-04,115.6800
2022-03-07,119.4000
2022-03-08,123.7000
2022-03-09,108.7000
2022-03-10,106.0200
2022-03-11,109.3300
2022-03-14,103.0100
2022-03-15,96.4400
2022-03-16,95.0400
2022-03-17,102.7140
2022-03-18,104.0560
2022-03-21,110.8300
2022-03-22,109.7680
2022-03-23,114.9300
2022-03-24,112.3400
2022-03-25,113.9000
2022-03-28,105.9600
2022-03-29,104.2400
2022-03-30,107.8200
2022-03-31,100.2800
2022-04-01,99.2700
2022-04-04,103.2800
2022-04-05,101.9600
2022-04-06,96.2300
2022-04-07,96.0300
2022-04-08,98.2600
2022-04-11,94.2900
2022-04-12,100.6000
2022-04-13,104.2500
2022-04-14,106.8360
2022-04-15,106.9500
2022-04-18,107.9700
2022-04-19,102.2540
2022-04-20,102.3020
2022-04-21,103.7900
2022-04-22,102.0700
2022-04-25,98.5400
2022-04-26,101.7000
2022-04-27,102.0200
2022-04-28,105.3600
2022-04-29,104.6900
2022-05-02,105.1700
2022-05-03,102.4100
2022-05-04,107.8100
2022-05-05,108.2600
2022-05-06,109.7700
2022-05-09,103.0900
2022-05-10,99.7600
2022-05-11,105.7100
2022-05-12,106.1300
2022-05-13,110.4900
2022-05-16,114.2000
2022-05-17,111.8460
2022-05-18,108.5700
2022-05-19,110.8180
2022-05-20,110.8700
2022-05-23,110.2900
2022-05-24,109.7700
2022-05-25,110.3300
2022-05-26,114.0900
2022-05-27,115.0700
2022-05-31,114.6700
2022-06-01,115.2600
2022-06-02,116.8700
2022-06-03,118.8700
2022-06-06,118.5000
2022-06-07,119.4100
2022-06-08,122.1100
2022-06-09,121.5100
2022-06-10,120.6700
2022-06-13,120.9300
2022-06-14,118.9300
2022-06-15,115.3100
2022-06-16,117.1220
2022-06-17,108.9320
2022-06-20,108.6180
2022-06-21,109.7460
2022-06-22,106.1900
2022-06-23,104.2700
2022-06-24,107.6200
2022-06-27,106.3706
2022-06-28,110.0287
2022-06-29,111.8361
2022-06-30,109.5467
2022-07-01,105.9726
2022-07-02,108.4300
2022-07-03,108.4300
2022-07-04,108.1883
2022-07-05,110.3528
2022-07-06,101.0279
2022-07-07,98.2402
2022-07-08,102.4885
2022-07-09,104.7900
2022-07-10,104.7900
2022-07-11,104.4933
2022-07-12,103.0596
2022-07-13,94.5368
2022-07-14,95.5870
2022-07-15,96.4966
2022-07-16,97.5900
2022-07-17,97.5900
2022-07-18,97.2274
2022-07-19,104.2200
2022-07-20,102.2600
2022-07-21,96.2400
2022-07-22,94.7000
2022-07-25,96.1600
2022-07-26,95.6900
2022-07-27,98.0700
2022-07-28,97.4000
2022-07-29,98.6200
2022-08-01,93.7400
2022-08-02,93.9000
2022-08-03,91.1600
2022-08-04,87.8700
2022-08-05,89.0100
2022-08-08,90.5200
2022-08-09,90.4900
2022-08-10,91.4800
2022-08-11,93.9600
2022-08-12,92.4500
2022-08-15,92.4500
2022-08-16,86.8700
2022-08-17,87.6800
2022-08-18,90.7500
2022-08-19,90.7700
2022-08-22,90.2300
2022-08-23,93.7700
2022-08-24,95.2400
2022-08-25,92.9200
2022-08-26,93.0600
2022-08-29,96.7900
2022-08-30,91.9900
2022-08-31,89.2000
2022-09-01,87.0500
2022-09-02,86.8700
2022-09-05,89.0300
2022-09-06,86.7900
2022-09-07,81.9300
2022-09-08,82.9600
2022-09-09,86.7900
2022-09-12,88.0300
2022-09-13,87.6100
2022-09-14,88.9300
2022-09-15,84.5800
2022-09-16,85.1100
2022-09-19,85.6500
2022-09-20,84.4500
2022-09-21,82.8100
2022-09-22,83.5700
2022-09-23,78.7400
2022-09-26,76.7200
2022-09-27,78.5000
2022-09-28,81.7100
2022-09-29,81.6900
2022-09-30,79.4900
2022-10-03,83.3500
2022-10-04,86.4700
2022-10-05,88.1600
2022-10-06,88.8700
2022-10-07,92.6400
2022-10-10,90.8600
2022-10-11,88.6400
2022-10-12,87.2200
2022-10-13,89.0400
2022-10-14,85.6100
2022-10-17,85.9600
2022-10-18,83.7500
2022-10-19,85.9800
2022-10-20,85.9800
2022-10-21,85.0500
2022-10-24,84.9200
2022-10-25,84.7900
2022-10-26,88.2000
2022-10-27,88.5500
2022-10-28,87.9000
2022-10-31,86.1800
2022-11-01,88.6800
2022-11-02,88.9300
2022-11-03,87.9600
2022-11-04,92.6100
2022-11-07,91.7900
2022-11-08,88.9100
2022-11-09,85.8300
2022-11-10,86.4700
2022-11-11,88.8600
2022-11-14,85.8700
2022-11-15,86.8200
2022-11-16,85.5900
2022-11-17,81.6400
2022-11-18,80.0800
2022-11-21,79.7300
2022-11-22,80.9500
2022-11-23,77.9400
2022-11-24,77.9600
2022-11-25,76.5500
2022-11-28,77.2400
2022-11-29,78.9100
2022-11-30,80.5500
2022-12-01,81.4100
2022-12-02,80.3400
2022-12-05,76.9300
2022-12-06,74.4500
2022-12-07,72.0100
2022-12-08,71.7900
2022-12-09,71.5900
2022-12-12,73.3000
2022-12-13,75.3900
2022-12-14,77.2800
2022-12-15,76.3700
2022-12-16,74.5000
2022-12-19,75.6700
2022-12-20,76.0200
2022-12-21,78.4200
2022-12-22,78.2400
2022-12-23,79.3500
2022-12-26,79.5600
2022-12-27,79.8700
2022-12-28,78.9600
2022-12-29,78.7100
2022-12-30,80.5100
2023-01-02,80.2600
2023-01-03,77.2100
2023-01-04,72.8400
2023-01-05,73.6700
2023-01-06,73.7300
2023-01-09,74.6300
2023-01-10,74.7100
2023-01-11,77.7100
2023-01-12,78.3900
2023-01-13,80.0700
2023-01-16,78.8500
2023-01-17,80.1800
2023-01-18,79.4800
2023-01-19,80.5800
2023-01-20,81.4000
2023-01-23,81.6200
2023-01-24,80.2600
2023-01-25,80.1500
2023-01-26,81.0100
2023-01-27,79.3800
2023-01-30,77.9000
2023-01-31,78.8700
2023-02-01,76.7000
2023-02-02,76.0000
2023-02-03,73.2300
2023-02-06,74.4600
2023-02-07,77.5900
2023-02-08,78.4800
2023-02-09,77.6600
2023-02-10,79.7600
2023-02-13,79.1600
2023-02-14,78.8400
2023-02-15,78.5000
2023-02-16,78.4900
2023-02-17,76.3300
2023-02-20,77.1300
2023-02-21,76.0500
2023-02-22,73.9500
2023-02-23,75.3900
2023-02-24,76.4500
2023-02-27,75.6800
2023-02-28,77.0500
2023-03-01,77.6900
2023-03-02,77.8800
2023-03-03,79.8500
2023-03-06,78.5500
2023-03-07,
2023-03-08,
2023-03-09,
2023-03-10,
2023-03-11,
2023-03-12,
2023-03-13,
2023-03-14,
2023-03-15,
2023-03-16,
2023-03-17,
2023-03-18,
2023-03-19,
2023-03-20,
2023-03-21,
2023-03-22,
2023-03-23,
2023-03-24,
2023-03-25,
2023-03-26,
2023-03-27,
